Número do Laudo,UNIDADE,TIPO DE AMOSTRA,TIPO DE COLETA,PONTO DE AMOSTRAGEM,MANANCIAL,LOCALIDADE,COD. PONTO,ENDERECO,SETOR,INTERESSADO,PARAMETRO,Metodologia,FRASCO,LIMITE INFERIOR,VALOR RESULTADO,VALOR LITERAL,LIMITE SUPERIOR,DATA DE COLETA,DATA DE ENTRADA,FORA DO PADRAO
N?  2160826-A/2160826/UN-BBJ,UN-BBJ,Água Tratada Saída Sistema,Trihalometanos (THM),Saída do tratamento,Rio Jaguaribe,RUSSAS,212802,Estação de Tratamento de Água,UNBBJ-RUSSAS,UN-BBJ - RUSSAS,Cloro residual livre DPD,"4500-Cl G, SMEWW 22nd Ed., 2012",5244,0,3,3,8,07/02/2019,13/02/2019,0
N?  2160828-A/2160828/UN-BBJ,UN-BBJ,Água Tratada Rede de Distribuição,Trihalometanos (THM),Torneira de entrada,Rio Jaguaribe,RUSSAS,320975,"Av. Governador Raul Barbosa, nº 1431",UNBBJ-RUSSAS,UNBBJ - RUSSAS,Cloro residual livre DPD,"4500-Cl G, SMEWW 22nd Ed., 2012",5245,"0,2",3,3,5,07/02/2019,13/02/2019,0
N?  2170981-A/2170981/UN-BBJ,UN-BBJ,Água Tratada Saída Sistema,Trihalometanos (THM),Torneira de saída,"Rio Jaguaribe, Poços",RUSSAS,212802,Estação de Tratamento de Água,UNBBJ-RUSSAS,UN-BBJ - RUSSAS,Cloro residual livre DPD,"4500-Cl G, SMEWW 22nd Ed., 2012",5300,0,3,3,8,07/03/2019,13/03/2019,0
N?  2170984-A/2170984/UN-BBJ,UN-BBJ,Água Tratada Rede de Distribuição,Trihalometanos (THM),Torneira de entrada,"Rio Jaguaribe, Poços",RUSSAS,326693,"Rua Ocion Lopes, nº 174",UNBBJ-RUSSAS,UNBBJ - RUSSAS,Cloro residual livre DPD,"4500-Cl G, SMEWW 22nd Ed., 2012",5301,"0,2","0,8","0,8",5,07/03/2019,13/03/2019,0
N?  2149864-A/2149864/UN-BBJ,UN-BBJ,Água Tratada Rede de Distribuição,Trihalometanos (THM),Torneira de entrada,Canal do Trabalhador,ARACATI,325764,Praça 2 de Novembro,UNBBJ-ARACATI,UNBBJ - ARACATI,Cloro residual livre OT,"1015, SMEWW 13th Ed., 1971",5000,"0,2",3,3,5,11/01/2019,16/01/2019,0
N?  2149866-A/2149866/UN-BBJ,UN-BBJ,Água Tratada Rede de Distribuição,Trihalometanos (THM),Torneira de entrada,Poços,BOCA DO FORNO,325765,"Boca do Forno, s/n",BOCA FORNO,UNBBJ - BOCA DO FORNO,Cloro residual livre OT,"1015, SMEWW 13th Ed., 1971",5001,"0,2","0,8","0,8",5,11/01/2019,16/01/2019,0
N?  2153844-A/2153844/UN-BBJ,UN-BBJ,Água Tratada Saída Sistema,Trihalometanos (THM),Torneira de saída,Açude Santo Antônio de Russas,BONHU,322191,Estação de Tratamento de Água,UNBBJ-BONHU,UNBBJ - BONHU,Cloro residual livre OT,"1015, SMEWW 13th Ed., 1971",5002,0,3,3,10000000,18/01/2019,24/01/2019,0
N?  2153849-A/2153849/UN-BBJ,UN-BBJ,Água Tratada Rede de Distribuição,Trihalometanos (THM),Torneira de entrada,Açude Santo Antônio de Russas,BONHU,326014,"Vilha Guilherme, nº 35",UNBBJ-BONHU,UNBBJ - BONHU,Cloro residual livre OT,"1015, SMEWW 13th Ed., 1971",5003,"0,2","1,5","1,5",5,18/01/2019,24/01/2019,0
N?  2149868-A/2149868/UN-BBJ,UN-BBJ,Água Tratada Rede de Distribuição,Trihalometanos (THM),Torneira de entrada,Poços,CAMPESTRE,325766,"Vila Campestre - Quadra 205, nº 17",CAMPESTRE,UNBBJ - CAMPESTRE,Cloro residual livre OT,"1015, SMEWW 13th Ed., 1971",5004,"0,2","1,5","1,5",5,11/01/2019,16/01/2019,0
N?  2149870-A/2149870/UN-BBJ,UN-BBJ,Água Tratada Rede de Distribuição,Trihalometanos (THM),Torneira de entrada,Poços,FORTIM,325767,"Rua João Jahil, nº 282",FORTIM,UNBBJ - FORTIM,Cloro residual livre OT,"1015, SMEWW 13th Ed., 1971",5005,"0,2",0,ND,5,11/01/2019,16/01/2019,1
N?  2149872-A/2149872/UN-BBJ,UN-BBJ,Água Tratada Rede de Distribuição,Trihalometanos (THM),Torneira de entrada,Poços,ITAIÇABA,325768,"Rua Joaquim Romão, nº 800",UNBBJ-ITAIÇABA,UNBBJ - ITAIÇABA,Cloro residual livre OT,"1015, SMEWW 13th Ed., 1971",5006,"0,2","0,5","0,5",5,11/01/2019,16/01/2019,0
N?  2149874-A/2149874/UN-BBJ,UN-BBJ,Água Tratada Rede de Distribuição,Trihalometanos (THM),Torneira de entrada,Rio Jaguaribe,JAGUARUANA,325769,"Rua 5, nº 122, Coabe",UNBBJ-JAGUARUANA,UNBBJ - JAGUARUANA,Cloro residual livre OT,"1015, SMEWW 13th Ed., 1971",5007,"0,2","1,5","1,5",5,11/01/2019,16/01/2019,0
N?  2153853-A/2153853/UN-BBJ,UN-BBJ,Água Tratada Saída Sistema,Trihalometanos (THM),Torneira de saída,Açude Boi Morto,PALHANO,323892,Estação de Tratamento de Água,UNBBJ-PALHANO,UNBBJ - PALHANO,Cloro residual livre OT,"1015, SMEWW 13th Ed., 1971",5008,0,4,4,10000000,18/01/2019,24/01/2019,0
N?  2153858-A/2153858/UN-BBJ,UN-BBJ,Água Tratada Rede de Distribuição,Trihalometanos (THM),Torneira de entrada,Açude Boi Morto,PALHANO,326010,"Rua Amaral Barbosa, s/n",UNBBJ-PALHANO,UNBBJ - PALHANO,Cloro residual livre OT,"1015, SMEWW 13th Ed., 1971",5009,"0,2",4,4,5,18/01/2019,24/01/2019,0
N?  2155972-A/2155972/UN-BBJ,UN-BBJ,Água Tratada Saída Sistema,Trihalometanos (THM),Torneira de saída,Açude Figueiredo,POTIRETAMA,253362,Estação de Tratamento de Água,UNBBJ-POTIRETAMA,UNBBJ - POTIRETAMA,Cloro residual livre OT,"1015, SMEWW 13th Ed., 1971",5010,0,4,4,10000000,30/01/2019,31/01/2019,0
N?  2155974-A/2155974/UN-BBJ,UN-BBJ,Água Tratada Rede de Distribuição,Trihalometanos (THM),Torneira de entrada,Açude Figueiredo,POTIRETAMA,326123,"Rua Raimundo Nonato Nogueira, nº 110.3",UNBBJ-POTIRETAMA,UNBBJ - POTIRETAMA,Cloro residual livre OT,"1015, SMEWW 13th Ed., 1971",5011,"0,2","3,5","3,5",5,30/01/2019,31/01/2019,0
N?  2153861-A/2153861/UN-BBJ,UN-BBJ,Água Tratada Rede de Distribuição,Trihalometanos (THM),Torneira de entrada,Poços,TOMÉ AFONSO,326011,"Rua Tomé Afonso, nº 09",UNBBJ-TOME AFONSO,UNBBJ -  TOMÉ AFONSO,Cloro residual livre OT,"1015, SMEWW 13th Ed., 1971",5012,"0,2",6,6,5,18/01/2019,24/01/2019,1
N?  2165816-A/2165816/UN-BBJ,UN-BBJ,Água Tratada Rede de Distribuição,Trihalometanos (THM),Torneira de entrada,Poços Tubulares,JARDIM DE SAO JOSE,326503,"Rua Francisco Raimundo de Freitas, nº 288",UNBBJ-JARDIM SÃO JOSE,UNBBJ - JARDIM SÃO JOSÉ,Cloro residual livre OT,"1015, SMEWW 13th Ed., 1971",5133,"0,2",0,ND,5,22/02/2019,28/02/2019,1
N?  2165819-A/2165819/UN-BBJ,UN-BBJ,Água Tratada Saída Sistema,Trihalometanos (THM),Saída do tratamento,Rio Jaguaribe,NOVA JAGUARIBARA,265362,Estação de Tratamento de Água,NOVA JAGUARIBARA,UN-BBJ - NOVA JAGUARIBARA,Cloro residual livre OT,"1015, SMEWW 13th Ed., 1971",5134,0,"1,5","1,5",10000000,22/02/2019,28/02/2019,0
N?  2165821-A/2165821/UN-BBJ,UN-BBJ,Água Tratada Rede de Distribuição,Trihalometanos (THM),Torneira de entrada,Rio Jaguaribe,NOVA JAGUARIBARA,322193,"Rua Major Diógenes, nº 417",NOVA JAGUARIBARA,UNBBJ - NOVA JAGUARIBARA,Cloro residual livre OT,"1015, SMEWW 13th Ed., 1971",5135,"0,2",1,1,5,22/02/2019,28/02/2019,0
N?  2165849-A/2165849/UN-BBJ,UN-BBJ,Água Tratada Rede de Distribuição,Trihalometanos (THM),Torneira de entrada,Poços,QUIXERE,326504,"Rua Manoel Gonçalves, nº 23",UNBBJ-QUIXERÉ,UNBBJ - QUIXERÉ,Cloro residual livre OT,"1015, SMEWW 13th Ed., 1971",5137,"0,2",3,3,5,22/02/2019,28/02/2019,0
N?  2165824-A/2165824/UN-BBJ,UN-BBJ,Água Tratada Saída Sistema,Trihalometanos (THM),Saída do tratamento,Rio Jaguaribe,TABULEIRO DO NORTE,300203,Estação de Tratamento de Água,UNBBJ-TABULEIRO DO NORTE,UN-BBJ - TABULEIRO DO NORTE,Cloro residual livre OT,"1015, SMEWW 13th Ed., 1971",5138,0,5,5,10000000,22/02/2019,28/02/2019,0
N?  2165827-A/2165827/UN-BBJ,UN-BBJ,Água Tratada Rede de Distribuição,Trihalometanos (THM),Torneira de entrada,Rio Jaguaribe,TABULEIRO DO NORTE,326506,"José Gondim, nº 519",UNBBJ-TABULEIRO DO NORTE,UNBBJ - TABULEIRO DO NORTE,Cloro residual livre OT,"1015, SMEWW 13th Ed., 1971",5139,"0,2",4,4,5,22/02/2019,28/02/2019,0
N?  2156928-A/2156928/UN-BBJ,UN-BBJ,Água Tratada Saída Sistema,Trihalometanos (THM),Captação,Açude Santo Antônio de Russas,BONHU,322191,Estação de Tratamento de Água,UNBBJ-BONHU,UNBBJ - BONHU,Cloro residual livre OT,"1015, SMEWW 13th Ed., 1971",5208,0,2,2,10000000,30/01/2019,07/02/2019,0
N?  2161963-A/2161963/UN-BBJ,UN-BBJ,Água Tratada Rede de Distribuição,Trihalometanos (THM),Torneira de entrada,Açude Figueiredo,POTIRETAMA,326372,"Av. Padre Negreiros, nº 185-19",UNBBJ-POTIRETAMA,UNBBJ - POTIRETAMA,Cloro residual livre OT,"1015, SMEWW 13th Ed., 1971",5238,"0,2",3,3,5,15/02/2019,19/02/2019,0
N?  2167770-A/2167770/UN-BBJ,UN-BBJ,Água Tratada Saída Sistema,Trihalometanos (THM),Torneira de saída,Açude Riacho da Serra,ALTO SANTO,266469,Estação de Tratamento de Água,UNBBJ-ALTO SANTO,UN-BBJ - ALTO SANTO,Cloro residual livre OT,"1015, SMEWW 13th Ed., 1971",5291,0,3,3,10000000,01/03/2019,08/03/2019,0
N?  2170978-A/2170978/UN-BBJ,UN-BBJ,Água Tratada Rede de Distribuição,Trihalometanos (THM),Torneira de entrada,Açude Riacho da Serra,ALTO SANTO,326692,"Edson Bessa, nº 765",UNBBJ-ALTO SANTO,UNBBJ - ALTO SANTO,Cloro residual livre OT,"1015, SMEWW 13th Ed., 1971",5292,"0,2",3,3,5,11/03/2019,13/03/2019,0
N?  2167765-A/2167765/UN-BBJ,UN-BBJ,Água Tratada Rede de Distribuição,Trihalometanos (THM),Torneira de entrada,Poço Tubular,CRIOULOS,326563,"Rua Luciano Gonçalves de Lima, nº 04",UNBBJ-CRIOULOS,UNBBJ - CRIOULOS,Cloro residual livre OT,"1015, SMEWW 13th Ed., 1971",5293,"0,2",6,6,5,01/03/2019,08/03/2019,1
N?  2172304-A/2172304/UN-BBJ,UN-BBJ,Água Tratada Saída Sistema,Trihalometanos (THM),Torneira de saída,Açude Ema,EMA,248802,Estação de Tratamento de Água,UNBBJ-EMA,UN-BBJ - EMA,Cloro residual livre OT,"1015, SMEWW 13th Ed., 1971",5294,0,"0,5","0,5",10000000,18/03/2019,21/03/2019,0
N?  2172309-A/2172309/UN-BBJ,UN-BBJ,Água Tratada Rede de Distribuição,Trihalometanos (THM),Torneira de entrada,Açude Ema,EMA,326763,"Francisca Pereira Sampaio, s/n",UNBBJ-EMA,UNBBJ - EMA,Cloro residual livre OT,"1015, SMEWW 13th Ed., 1971",5295,"0,2","0,3","0,3",5,18/03/2019,21/03/2019,0
N?  2167772-A/2167772/UN-BBJ,UN-BBJ,Água Tratada Saída Sistema,Trihalometanos (THM),Torneira de saída,Açude Canafístula,IRACEMA,323072,Estação de Tratamento de Água,UNBBJ-IRACEMA,UNBBJ - IRACEMA,Cloro residual livre OT,"1015, SMEWW 13th Ed., 1971",5296,0,3,3,10000000,01/03/2019,08/03/2019,0
N?  2167774-A/2167774/UN-BBJ,UN-BBJ,Água Tratada Rede de Distribuição,Trihalometanos (THM),Torneira de entrada,Açude Canafístula,IRACEMA,326564,"José Maria Bessa, nº 520",UNBBJ-IRACEMA,UNBBJ - IRACEMA,Cloro residual livre OT,"1015, SMEWW 13th Ed., 1971",5297,"0,2",3,3,5,01/03/2019,08/03/2019,0
N?  2167776-A/2167776/UN-BBJ,UN-BBJ,Água Tratada Rede de Distribuição,Trihalometanos (THM),Torneira de entrada,Açude Adauto Bezerra,PEREIRO,326565,"Rua 4 Canto, nº 152",UNBBJ-PEREIRO,UNBBJ - PEREIRO,Cloro residual livre OT,"1015, SMEWW 13th Ed., 1971",5299,"0,2","1,6","1,6",5,01/03/2019,08/03/2019,0
N?  2170995-A/2170995/UN-BBJ,UN-BBJ,Água Tratada Saída Sistema,Trihalometanos (THM),Torneira de saída,Canal do Trabalhador,SERRA DO FELIX,266885,Estação de Tratamento de Água,UNBBJ-SERRA DO FELIX,UN-BBJ - SERRA DO FÉLIX,Cloro residual livre OT,"1015, SMEWW 13th Ed., 1971",5302,0,3,3,10000000,08/03/2019,13/03/2019,0
N?  2170997-A/2170997/UN-BBJ,UN-BBJ,Água Tratada Rede de Distribuição,Trihalometanos (THM),Torneira de entrada,Canal do Trabalhador,SERRA DO FELIX,326694,"Travessa Marculino, s/n",UNBBJ-SERRA DO FELIX,UNBBJ - SERRA DO FÉLIX,Cloro residual livre OT,"1015, SMEWW 13th Ed., 1971",5303,"0,2","1,5","1,5",5,08/03/2019,13/03/2019,0
N?  2171003-A/2171003/UN-BBJ,UN-BBJ,Água Tratada Rede de Distribuição,Trihalometanos (THM),Torneira de entrada,Poços,TABULEIRO,326696,"Rua do Pique, s/n",TABULEIRO DO CABREIRO,UNBBJ - TABULEIRO DO CABREIRO,Cloro residual livre OT,"1015, SMEWW 13th Ed., 1971",5305,"0,2","1,5","1,5",5,08/03/2019,13/03/2019,0
N?  2170999-A/2170999/UN-BBJ,UN-BBJ,Água Tratada Saída Sistema,Trihalometanos (THM),Torneira de saída,Rio Jaguaribe,JAGUARUANA,321458,Estação de Tratamento de Água,UNBBJ-JAGUARUANA,UNBBJ - JAGUARUANA,Cloro residual livre OT,"1015, SMEWW 13th Ed., 1971",5399,0,3,3,10000000,08/03/2019,13/03/2019,0
N?  2171001-A/2171001/UN-BBJ,UN-BBJ,Água Tratada Rede de Distribuição,Trihalometanos (THM),Torneira de entrada,Rio Jaguaribe,JAGUARUANA,326695,"Francisco Moreira Torres, nº 542",UNBBJ-JAGUARUANA,UNBBJ - JAGUARUANA,Cloro residual livre OT,"1015, SMEWW 13th Ed., 1971",5400,"0,2",2,2,5,08/03/2019,13/03/2019,0
N?  2178084-A/2178084/UN-BBJ,UN-BBJ,Água Tratada Saída Sistema,Trihalometanos (THM),Torneira de saída,Rio Jaguaribe,JAGUARUANA,321458,Estação de Tratamento de Água,UNBBJ-JAGUARUANA,UNBBJ - JAGUARUANA,Cloro residual livre OT,"1015, SMEWW 13th Ed., 1971",5402,0,2,2,10000000,29/03/2019,03/04/2019,0
N?  2178087-A/2178087/UN-BBJ,UN-BBJ,Água Tratada Rede de Distribuição,Trihalometanos (THM),Torneira de entrada,Rio Jaguaribe,JAGUARUANA,327000,"Francisco Moreira Torres, nº 536",UNBBJ-JAGUARUANA,UNBBJ - JAGUARUANA,Cloro residual livre OT,"1015, SMEWW 13th Ed., 1971",5403,"0,2","1,5","1,5",5,29/03/2019,03/04/2019,0
N?  2180952-A/2180952/UN-BBJ,UN-BBJ,Água Tratada Rede de Distribuição,Trihalometanos (THM),Torneira de entrada,Canal do Trabalhador,ARACATI,327128,Praça dos Carnaúbas - Vila Rafael,UNBBJ-ARACATI,UNBBJ -  ARACATI,Cloro residual livre OT,"1015, SMEWW 13th Ed., 1971",5420,"0,2",2,2,5,12/04/2019,16/04/2019,0
N?  2185364-A/2185364/UN-BBJ,UN-BBJ,Água Tratada Rede de Distribuição,Trihalometanos (THM),Torneira de entrada,Poços,BOCA DO FORNO,327330,"Rua João Mariano Barbosa, nº 417",BOCA FORNO,UNBBJ -  BOCA DO FORNO,Cloro residual livre OT,"1015, SMEWW 13th Ed., 1971",5421,"0,2","1,5","1,5",5,26/04/2019,30/04/2019,0
N?  2178838-A/2178838/UN-BBJ,UN-BBJ,Água Tratada Rede de Distribuição,Trihalometanos (THM),Torneira de saída,Açude Santo Antônio de Russas,BONHU,322192,"Escola Municipal Uirandé Augusto Borges, nº 159",UNBBJ-BONHU,UNBBJ - BONHU,Cloro residual livre OT,"1015, SMEWW 13th Ed., 1971",5422,"0,2",5,5,5,05/04/2019,09/04/2019,0
N?  2178840-A/2178840/UN-BBJ,UN-BBJ,Água Tratada Rede de Distribuição,Trihalometanos (THM),Torneira de entrada,Açude Santo Antônio de Russas,BONHU,327023,"Escola Uirandé Augusto Borges, s/n",UNBBJ-BONHU,UNBBJ - BONHU,Cloro residual livre OT,"1015, SMEWW 13th Ed., 1971",5423,"0,2",2,2,5,05/04/2019,09/04/2019,0
N?  2180955-A/2180955/UN-BBJ,UN-BBJ,Água Tratada Rede de Distribuição,Trihalometanos (THM),Torneira de entrada,Poços,FORTIM,327129,"Rua Maria Luiza, nº 238",FORTIM,UNBBJ -  FORTIM,Cloro residual livre OT,"1015, SMEWW 13th Ed., 1971",5425,"0,2",0,ND,5,12/04/2019,16/04/2019,1
N?  2180957-A/2180957/UN-BBJ,UN-BBJ,Água Tratada Rede de Distribuição,Trihalometanos (THM),Torneira de entrada,Poços,ITAIÇABA,325768,"Rua Joaquim Romão, nº 800",UNBBJ-ITAIÇABA,UNBBJ - ITAIÇABA,Cloro residual livre OT,"1015, SMEWW 13th Ed., 1971",5427,"0,2","0,5","0,5",5,12/04/2019,16/04/2019,0
N?  2180959-A/2180959/UN-BBJ,UN-BBJ,Água Tratada Saída Sistema,Trihalometanos (THM),Torneira de saída,Rio Jaguaribe,JAGUARUANA,321458,Estação de Tratamento de Água,UNBBJ-JAGUARUANA,UNBBJ - JAGUARUANA,Cloro residual livre OT,"1015, SMEWW 13th Ed., 1971",5428,0,3,3,10000000,12/04/2019,16/04/2019,0
N?  2180961-A/2180961/UN-BBJ,UN-BBJ,Água Tratada Rede de Distribuição,Trihalometanos (THM),Torneira de entrada,Rio Jaguaribe,JAGUARUANA,327130,"Rua Cinco, nº 113",UNBBJ-JAGUARUANA,UNBBJ - JAGUARUANA,Cloro residual livre OT,"1015, SMEWW 13th Ed., 1971",5429,"0,2",1,1,5,12/04/2019,16/04/2019,0
N?  2178846-A/2178846/UN-BBJ,UN-BBJ,Água Tratada Saída Sistema,Trihalometanos (THM),Torneira de saída,Açude Boi Morto,PALHANO,323892,Estação de Tratamento de Água,UNBBJ-PALHANO,UNBBJ - PALHANO,Cloro residual livre OT,"1015, SMEWW 13th Ed., 1971",5430,0,3,3,10000000,05/04/2019,09/04/2019,0
N?  2178851-A/2178851/UN-BBJ,UN-BBJ,Água Tratada Rede de Distribuição,Trihalometanos (THM),Torneira de entrada,Açude Boi Morto,PALHANO,327024,"Rua São Vicente, s/n",UNBBJ-PALHANO,UNBBJ - PALHANO,Cloro residual livre OT,"1015, SMEWW 13th Ed., 1971",5431,"0,2",2,2,5,05/04/2019,09/04/2019,0
N?  2178857-A/2178857/UN-BBJ,UN-BBJ,Água Tratada Saída Sistema,Trihalometanos (THM),Torneira de saída,Açude Figueiredo,POTIRETAMA,253362,Estação de Tratamento de Água,UNBBJ-POTIRETAMA,UNBBJ - POTIRETAMA,Cloro residual livre OT,"1015, SMEWW 13th Ed., 1971",5432,0,3,3,10000000,05/04/2019,09/04/2019,0
N?  2178860-A/2178860/UN-BBJ,UN-BBJ,Água Tratada Rede de Distribuição,Trihalometanos (THM),Torneira de entrada,Açude Figueiredo,POTIRETAMA,327025,"Rua Sebastião Feitosa, nº 1737",UNBBJ-POTIRETAMA,UNBBJ - POTIRETAMA,Cloro residual livre OT,"1015, SMEWW 13th Ed., 1971",5433,"0,2","1,5","1,5",5,05/04/2019,09/04/2019,0
N?  2178862-A/2178862/UN-BBJ,UN-BBJ,Água Tratada Rede de Distribuição,Trihalometanos (THM),Torneira de entrada,Poços,TOMÉ AFONSO,327026,"Rua Tomé Afonso, nº 277",UNBBJ-TOME AFONSO,UNBBJ - TOMÉ AFONSO,Cloro residual livre OT,"1015, SMEWW 13th Ed., 1971",5435,"0,2","1,2","1,2",5,05/04/2019,09/04/2019,0
N?  2175609-A/2175609/UN-BBJ,UN-BBJ,Água Tratada Rede de Distribuição,Trihalometanos (THM),Torneira de entrada,Rio Jaguaribe,JARDIM DE SAO JOSE,326886,"Travessa Raimundo Paulino da Costa, nº 156",UNBBJ-JARDIM SÃO JOSE,UNBBJ - JARDIM SÃO JOSÉ,Cloro residual livre OT,"1015, SMEWW 13th Ed., 1971",5513,"0,2",0,ND,5,22/03/2019,28/03/2019,1
N?  2179151-A/2179151/UN-BBJ,UN-BBJ,Água Tratada Rede de Distribuição,Trihalometanos (THM),Torneira de entrada,Poço,TABULEIRO,327042,"Rua Pique, 495",TABULEIRO DO CABREIRO,UNBBJ - TABULEIRO DO CABREIRO,Cloro residual livre OT,"1015, SMEWW 13th Ed., 1971",5515,"0,2",3,3,5,04/04/2019,09/04/2019,0
N?  2150146-A/2150146/UN-BBJ,UN-BBJ,Água Bruta,Semestral,Captação de água bruta,Rio Jaguaribe,RUSSAS,195161,Rio Jaguaribe,UNBBJ-RUSSAS,UN-BBJ - RUSSAS,Nitrato,"4500-NO3- E, SMEWW 23rd Ed., 2017",2000,0,"0,016","0,02",10000000,15/01/2019,16/01/2019,0
N?  2150146-A/2150146/UN-BBJ,UN-BBJ,Água Bruta,Semestral,Captação de água bruta,Rio Jaguaribe,RUSSAS,195161,Rio Jaguaribe,UNBBJ-RUSSAS,UN-BBJ - RUSSAS,Nitrito,"4500-NO2- B, SMEWW 23rd Ed., 2017",2000,0,0,ND,10000000,15/01/2019,16/01/2019,0
N?  2183961-A/2183961/UN-BBJ,UN-BBJ,Água Bruta Classe 2,Semestral,Captação,Açude Figueiredo,POTIRETAMA,228402,Açude Figueiredo,UNBBJ-POTIRETAMA,UNBBJ - POTIRETAMA,Potássio,"3500-K B, SMEWW 22nd Ed., 2012",2000,0,7,7,1000000,24/04/2019,25/04/2019,0
N?  2180176-A/2180176/UN-BBJ,UN-BBJ,Água Bruta Classe 2,Semestral,Captação,Rio Jaguaribe,JAGUARUANA,316236,Rio Jaguaribe,UNBBJ-JAGUARUANA,UN-BBJ - JAGUARUANA,Potássio,"3500-K B, SMEWW 22nd Ed., 2012",2000,0,6,6,1000000,02/04/2019,12/04/2019,0
N?  2180182-A/2180182/UN-BBJ,UN-BBJ,Água Tratada Saída Sistema,Semestral,Torneira de saída,Rio Jaguaribe,JAGUARUANA,164527,Estação de Tratamento de Água,UNBBJ-JAGUARUANA,UN-BBJ - JAGUARUANA,Potássio,"3500-K B, SMEWW 22nd Ed., 2012",2001,0,6,6,10000,02/04/2019,12/04/2019,0
N?  2183963-A/2183963/UN-BBJ,UN-BBJ,Água Tratada Saída Sistema,Semestral,Torneira de saída,Açude Figueiredo,POTIRETAMA,315991,Estação de Tratamento de Água,UNBBJ-POTIRETAMA,UN-BBJ - POTIRETAMA,Potássio,"3500-K B, SMEWW 22nd Ed., 2012",2001,0,7,7,10000,24/04/2019,25/04/2019,0
N?  2180185-A/2180185/UN-BBJ,UN-BBJ,Água Tratada Rede de Distribuição,Semestral,Torneira de entrada,Rio Jaguaribe,JAGUARUANA,327063,"Av. Dr. Antônio Rocha de Freitas, nº 1298",UNBBJ-JAGUARUANA,UNBBJ - JAGUARUANA,Potássio,"3500-K B, SMEWW 22nd Ed., 2012",2002,0,6,6,10000,02/04/2019,12/04/2019,0
N?  2183965-A/2183965/UN-BBJ,UN-BBJ,Água Tratada Rede de Distribuição,Semestral,Torneira de entrada,Açude Figueiredo,POTIRETAMA,327261,"Rua Antônio Francisco Moura, nº 1094",UNBBJ-POTIRETAMA,UNBBJ - POTIRETAMA,Potássio,"3500-K B, SMEWW 22nd Ed., 2012",2002,0,8,8,10000,24/04/2019,25/04/2019,0
N?  2183968-A/2183968/UN-BBJ,UN-BBJ,Água Tratada Rede de Distribuição,Semestral,Torneira de entrada,Poços Tubulares,BOCA DO FORNO,327262,"Rua José Carolino de Souza, nº 284",BOCA FORNO,UNBBJ - BOCA DO FORNO,Potássio,"3500-K B, SMEWW 22nd Ed., 2012",2003,0,6,6,10000,16/04/2019,25/04/2019,0
N?  2183972-A/2183972/UN-BBJ,UN-BBJ,Água Bruta Classe 2,Semestral,Captação,"Açude Boi Morto, Poços Tubulares",PALHANO,323955,Açude Boi Morto,UNBBJ-PALHANO,UNBBJ - PALHANO,Potássio,"3500-K B, SMEWW 22nd Ed., 2012",2004,0,5,5,1000000,16/04/2019,25/04/2019,0
N?  2183975-A/2183975/UN-BBJ,UN-BBJ,Água Tratada Rede de Distribuição,Semestral,Torneira de entrada,"Açude Boi Morto, Poços Tubulares",PALHANO,327263,"Rua São Mateus, nº 242",UNBBJ-PALHANO,UNBBJ - PALHANO,Potássio,"3500-K B, SMEWW 22nd Ed., 2012",2005,0,5,5,10000,16/04/2019,25/04/2019,0
N?  2183977-A/2183977/UN-BBJ,UN-BBJ,Água Tratada Saída Sistema,Semestral,Torneira de saída,"Açude Boi Morto, Poços Tubulares",PALHANO,287762,Estação de Tratamento de Água,UNBBJ-PALHANO,UN-BBJ - PALHANO,Potássio,"3500-K B, SMEWW 22nd Ed., 2012",2006,0,5,5,10000,16/04/2019,25/04/2019,0
N?  2183980-A/2183980/UN-BBJ,UN-BBJ,Água Tratada Saída Sistema,Semestral,Torneira de saída,Poços Tubulares,ITAIÇABA,268168,Estação de Tratamento de Água,UNBBJ-ITAIÇABA,UN-BBJ - ITAIÇABA,Potássio,"3500-K B, SMEWW 22nd Ed., 2012",2007,0,5,5,10000,16/04/2019,25/04/2019,0
N?  2180253-A/2180253/UN-BBJ,UN-BBJ,Água Tratada Saída Sistema,Semestral,Torneira de saída,Poços Tubulares,CANOA QUEBRADA,327065,ETA 01,CANOA QUEBRADA,UNBBJ - CANOA QUEBRADA,Potássio,"3500-K B, SMEWW 22nd Ed., 2012",2012,0,11,11,10000,02/04/2019,12/04/2019,0
N?  2180255-A/2180255/UN-BBJ,UN-BBJ,Água Tratada Saída Sistema,Semestral,Torneira de saída,Poços Tubulares,CANOA QUEBRADA,327066,ETA 02,CANOA QUEBRADA,UNBBJ - CANOA QUEBRADA,Potássio,"3500-K B, SMEWW 22nd Ed., 2012",2013,0,11,11,10000,02/04/2019,12/04/2019,0
N?  2180257-A/2180257/UN-BBJ,UN-BBJ,Água Tratada Rede de Distribuição,Semestral,Torneira de entrada,Poços Tubulares,CANOA QUEBRADA,327067,"Rua Descida da Praia, nº 224",CANOA QUEBRADA,UNBBJ - CANOA QUEBRADA,Potássio,"3500-K B, SMEWW 22nd Ed., 2012",2014,0,11,11,10000,02/04/2019,12/04/2019,0
N?  2184139-A/2184139/UN-BBJ,UN-BBJ,Água Tratada Rede de Distribuição,Semestral,Torneira de entrada,Poços Tubulares,ITAIÇABA,327264,"Rua 07 de Setembro, nº 824",UNBBJ-ITAIÇABA,UNBBJ - ITAIÇABA,Potássio,"3500-K B, SMEWW 22nd Ed., 2012",2018,0,6,6,10000,16/04/2019,25/04/2019,0
N?  2184142-A/2184142/UN-BBJ,UN-BBJ,Água Tratada Saída Sistema,Semestral,Torneira de saída,Poços Tubulares,TOMÉ AFONSO,275612,Estação de Tratamento de Água,UNBBJ-TOME AFONSO,UN-BBJ - TOMÉ AFONSO,Potássio,"3500-K B, SMEWW 22nd Ed., 2012",2019,0,6,6,10000,16/04/2019,25/04/2019,0
N?  2184144-A/2184144/UN-BBJ,UN-BBJ,Água Tratada Rede de Distribuição,Semestral,Torneira de entrada,Poços Tubulares,TOMÉ AFONSO,327265,"Sítio Tomé Afonso, nº 1597",UNBBJ-TOME AFONSO,UNBBJ -  TOMÉ AFONSO,Potássio,"3500-K B, SMEWW 22nd Ed., 2012",2020,0,6,6,10000,16/04/2019,25/04/2019,0
N?  2184146-A/2184146/UN-BBJ,UN-BBJ,Água Tratada Saída Sistema,Semestral,Torneira de saída,Poços Tubulares,FORTIM,269042,Estação de Tratamento de Água,FORTIM,UN-BBJ - FORTIM,Potássio,"3500-K B, SMEWW 22nd Ed., 2012",2021,0,26,26,10000,23/04/2019,25/04/2019,0
N?  2184156-A/2184156/UN-BBJ,UN-BBJ,Água Tratada Rede de Distribuição,Semestral,Torneira de entrada,Poços Tubulares,FORTIM,327266,"Rua José Bandeira Gondim, nº 811",FORTIM,UNBBJ -  FORTIM,Potássio,"3500-K B, SMEWW 22nd Ed., 2012",2024,0,28,28,10000,23/04/2019,25/04/2019,0
N?  2184159-A/2184159/UN-BBJ,UN-BBJ,Água Tratada Saída Sistema,Semestral,Torneira de saída,Poços Tubulares,CAMPESTRE,255103,Estação de Tratamento de Água,CAMPESTRE,UN- BBJ - CAMPESTRE,Potássio,"3500-K B, SMEWW 22nd Ed., 2012",2025,0,24,24,10000,23/04/2019,25/04/2019,0
N?  2180300-A/2180300/UN-BBJ,UN-BBJ,Água Bruta Classe 2,Semestral,Captação,Canal do Trabalhador,ARACATI,195301,Canal do Trabalhador,UNBBJ-ARACATI,UN-BBJ - ARACATI,Potássio,"3500-K B, SMEWW 22nd Ed., 2012",2035,0,4,4,1000000,09/04/2019,12/04/2019,0
N?  2180304-A/2180304/UN-BBJ,UN-BBJ,Água Tratada Saída Sistema,Semestral,Torneira de saída,Poços Tubulares,ARACATI,228409,ETA 01,UNBBJ-ARACATI,UN-BBJ - ARACATI,Potássio,"3500-K B, SMEWW 22nd Ed., 2012",2036,0,3,3,10000,09/04/2019,12/04/2019,0
N?  2180306-A/2180306/UN-BBJ,UN-BBJ,Água Tratada Rede de Distribuição,Semestral,Torneira de entrada,Poços Tubulares,ARACATI,327075,"Rua Alexandre Lima, nº 1132",UNBBJ-ARACATI,UNBBJ -  ARACATI,Potássio,"3500-K B, SMEWW 22nd Ed., 2012",2037,0,3,3,10000,09/04/2019,12/04/2019,0
N?  2184232-A/2184232/UN-BBJ,UN-BBJ,Água Tratada Rede de Distribuição,Semestral,Torneira de entrada,Poços Tubulares,CAMPESTRE,327267,"Sítio Campestre 01, 19 - Centro",CAMPESTRE,UNBBJ - CAMPESTRE,Potássio,"3500-K B, SMEWW 22nd Ed., 2012",2039,0,26,26,10000,23/04/2019,25/04/2019,0
N?  2184235-A/2184235/UN-BBJ,UN-BBJ,Água Bruta Classe 2,Semestral,Captação,Açude Santo Antônio,BONHU,228412,Açude Santo Antônio,UNBBJ-BONHU,UN-BBJ - BONHU,Potássio,"3500-K B, SMEWW 22nd Ed., 2012",2040,0,8,8,1000000,24/04/2019,25/04/2019,0
N?  2180176-A/2180176/UN-BBJ,UN-BBJ,Água Bruta Classe 2,Semestral,Captação,Rio Jaguaribe,JAGUARUANA,316236,Rio Jaguaribe,UNBBJ-JAGUARUANA,UN-BBJ - JAGUARUANA,Sódio,"3500-Na B, SMEWW 22nd Ed., 2012",2000,0,20,20,1000000,02/04/2019,12/04/2019,0
N?  2150146-A/2150146/UN-BBJ,UN-BBJ,Água Bruta,Semestral,Captação de água bruta,Rio Jaguaribe,RUSSAS,195161,Rio Jaguaribe,UNBBJ-RUSSAS,UN-BBJ - RUSSAS,Sódio,"3500-Na B, SMEWW 22nd Ed., 2012",2000,0,42,42,200,15/01/2019,16/01/2019,0
N?  2183961-A/2183961/UN-BBJ,UN-BBJ,Água Bruta Classe 2,Semestral,Captação,Açude Figueiredo,POTIRETAMA,228402,Açude Figueiredo,UNBBJ-POTIRETAMA,UNBBJ - POTIRETAMA,Sódio,"3500-Na B, SMEWW 22nd Ed., 2012",2000,0,13,13,1000000,24/04/2019,25/04/2019,0
N?  2183963-A/2183963/UN-BBJ,UN-BBJ,Água Tratada Saída Sistema,Semestral,Torneira de saída,Açude Figueiredo,POTIRETAMA,315991,Estação de Tratamento de Água,UNBBJ-POTIRETAMA,UN-BBJ - POTIRETAMA,Sódio,"3500-Na B, SMEWW 22nd Ed., 2012",2001,0,12,12,200,24/04/2019,25/04/2019,0
N?  2180182-A/2180182/UN-BBJ,UN-BBJ,Água Tratada Saída Sistema,Semestral,Torneira de saída,Rio Jaguaribe,JAGUARUANA,164527,Estação de Tratamento de Água,UNBBJ-JAGUARUANA,UN-BBJ - JAGUARUANA,Sódio,"3500-Na B, SMEWW 22nd Ed., 2012",2001,0,22,22,200,02/04/2019,12/04/2019,0
N?  2180185-A/2180185/UN-BBJ,UN-BBJ,Água Tratada Rede de Distribuição,Semestral,Torneira de entrada,Rio Jaguaribe,JAGUARUANA,327063,"Av. Dr. Antônio Rocha de Freitas, nº 1298",UNBBJ-JAGUARUANA,UNBBJ - JAGUARUANA,Sódio,"3500-Na B, SMEWW 22nd Ed., 2012",2002,0,23,23,200,02/04/2019,12/04/2019,0
N?  2183965-A/2183965/UN-BBJ,UN-BBJ,Água Tratada Rede de Distribuição,Semestral,Torneira de entrada,Açude Figueiredo,POTIRETAMA,327261,"Rua Antônio Francisco Moura, nº 1094",UNBBJ-POTIRETAMA,UNBBJ - POTIRETAMA,Sódio,"3500-Na B, SMEWW 22nd Ed., 2012",2002,0,13,13,200,24/04/2019,25/04/2019,0
N?  2183968-A/2183968/UN-BBJ,UN-BBJ,Água Tratada Rede de Distribuição,Semestral,Torneira de entrada,Poços Tubulares,BOCA DO FORNO,327262,"Rua José Carolino de Souza, nº 284",BOCA FORNO,UNBBJ - BOCA DO FORNO,Sódio,"3500-Na B, SMEWW 22nd Ed., 2012",2003,0,97,97,200,16/04/2019,25/04/2019,0
N?  2180205-A/2180205/UN-BBJ,UN-BBJ,Água Bruta,Semestral,Torneira de saída do poço,Poço Tubular,CANOA QUEBRADA,318582,PT - 11,CANOA QUEBRADA,UN-BBJ - CANOA QUEBRADA,Sódio,"3500-Na B, SMEWW 22nd Ed., 2012",2003,0,32,32,200,02/04/2019,12/04/2019,0
N?  2180223-A/2180223/UN-BBJ,UN-BBJ,Água Bruta,Semestral,Torneira de saída do poço,Poço Tubular,CANOA QUEBRADA,228865,PT 02,CANOA QUEBRADA,UN-BBJ - CANOA QUEBRADA,Sódio,"3500-Na B, SMEWW 22nd Ed., 2012",2004,0,63,63,200,02/04/2019,12/04/2019,0
N?  2183972-A/2183972/UN-BBJ,UN-BBJ,Água Bruta Classe 2,Semestral,Captação,"Açude Boi Morto, Poços Tubulares",PALHANO,323955,Açude Boi Morto,UNBBJ-PALHANO,UNBBJ - PALHANO,Sódio,"3500-Na B, SMEWW 22nd Ed., 2012",2004,0,37,37,1000000,16/04/2019,25/04/2019,0
N?  2183975-A/2183975/UN-BBJ,UN-BBJ,Água Tratada Rede de Distribuição,Semestral,Torneira de entrada,"Açude Boi Morto, Poços Tubulares",PALHANO,327263,"Rua São Mateus, nº 242",UNBBJ-PALHANO,UNBBJ - PALHANO,Sódio,"3500-Na B, SMEWW 22nd Ed., 2012",2005,0,59,59,200,16/04/2019,25/04/2019,0
N?  2180226-A/2180226/UN-BBJ,UN-BBJ,Água Bruta,Semestral,Torneira de saída do poço,Poço Tubular,CANOA QUEBRADA,228864,PT 01,CANOA QUEBRADA,UN-BBJ - CANOA QUEBRADA,Sódio,"3500-Na B, SMEWW 22nd Ed., 2012",2005,0,212,212,200,02/04/2019,12/04/2019,1
N?  2183977-A/2183977/UN-BBJ,UN-BBJ,Água Tratada Saída Sistema,Semestral,Torneira de saída,"Açude Boi Morto, Poços Tubulares",PALHANO,287762,Estação de Tratamento de Água,UNBBJ-PALHANO,UN-BBJ - PALHANO,Sódio,"3500-Na B, SMEWW 22nd Ed., 2012",2006,0,60,60,200,16/04/2019,25/04/2019,0
N?  2180231-A/2180231/UN-BBJ,UN-BBJ,Água Bruta,Semestral,Torneira de saída do poço,Poço Tubular,CANOA QUEBRADA,228866,PT 03,CANOA QUEBRADA,UN-BBJ - CANOA QUEBRADA,Sódio,"3500-Na B, SMEWW 22nd Ed., 2012",2006,0,83,83,200,02/04/2019,12/04/2019,0
N?  2183980-A/2183980/UN-BBJ,UN-BBJ,Água Tratada Saída Sistema,Semestral,Torneira de saída,Poços Tubulares,ITAIÇABA,268168,Estação de Tratamento de Água,UNBBJ-ITAIÇABA,UN-BBJ - ITAIÇABA,Sódio,"3500-Na B, SMEWW 22nd Ed., 2012",2007,0,91,91,200,16/04/2019,25/04/2019,0
N?  2180235-A/2180235/UN-BBJ,UN-BBJ,Água Bruta,Semestral,Torneira de saída do poço,Poço Tubular,CANOA QUEBRADA,228867,PT 04,CANOA QUEBRADA,UN-BBJ - CANOA QUEBRADA,Sódio,"3500-Na B, SMEWW 22nd Ed., 2012",2007,0,102,102,200,02/04/2019,12/04/2019,0
N?  2180241-A/2180241/UN-BBJ,UN-BBJ,Água Bruta,Semestral,Torneira de saída do poço,Poço Tubular,CANOA QUEBRADA,318581,PT - 10,CANOA QUEBRADA,UN-BBJ - CANOA QUEBRADA,Sódio,"3500-Na B, SMEWW 22nd Ed., 2012",2008,0,61,61,200,02/04/2019,12/04/2019,0
N?  2184032-A/2184032/UN-BBJ,UN-BBJ,Água Bruta,Semestral,Torneira de saída do poço,Poço Tubular,ITAIÇABA,268167,PT 01,UNBBJ-ITAIÇABA,UN-BBJ - ITAIÇABA,Sódio,"3500-Na B, SMEWW 22nd Ed., 2012",2008,0,40,40,200,16/04/2019,25/04/2019,0
N?  2184074-A/2184074/UN-BBJ,UN-BBJ,Água Bruta,Semestral,Torneira de saída do poço,Poço Tubular,ITAIÇABA,268166,PT 02,UNBBJ-ITAIÇABA,UN-BBJ - ITAIÇABA,Sódio,"3500-Na B, SMEWW 22nd Ed., 2012",2009,0,47,47,200,16/04/2019,25/04/2019,0
N?  2180245-A/2180245/UN-BBJ,UN-BBJ,Água Bruta,Semestral,Torneira de saída do poço,Poço Tubular,CANOA QUEBRADA,318583,PT - 12,CANOA QUEBRADA,UN-BBJ - CANOA QUEBRADA,Sódio,"3500-Na B, SMEWW 22nd Ed., 2012",2009,0,62,62,200,02/04/2019,12/04/2019,0
N?  2184085-A/2184085/UN-BBJ,UN-BBJ,Água Bruta,Semestral,Torneira de saída do poço,Poço Tubular,ITAIÇABA,319774,PT 03,UNBBJ-ITAIÇABA,UNBBJ - ITAIÇABA,Sódio,"3500-Na B, SMEWW 22nd Ed., 2012",2010,0,41,41,200,16/04/2019,25/04/2019,0
N?  2180248-A/2180248/UN-BBJ,UN-BBJ,Água Bruta,Semestral,Torneira de saída do poço,Poço Tubular,CANOA QUEBRADA,318579,PT - 08,CANOA QUEBRADA,UN-BBJ - CANOA QUEBRADA,Sódio,"3500-Na B, SMEWW 22nd Ed., 2012",2010,0,63,63,200,02/04/2019,12/04/2019,0
N?  2184101-A/2184101/UN-BBJ,UN-BBJ,Água Bruta,Semestral,Torneira de saída do poço,Poço Tubular,ITAIÇABA,319779,PT 04,UNBBJ-ITAIÇABA,UNBBJ - ITAIÇABA,Sódio,"3500-Na B, SMEWW 22nd Ed., 2012",2011,0,58,58,200,16/04/2019,25/04/2019,0
N?  2180251-A/2180251/UN-BBJ,UN-BBJ,Água Bruta,Semestral,Torneira de saída do poço,Poço Tubular,CANOA QUEBRADA,318580,PT - 09,CANOA QUEBRADA,UN-BBJ - CANOA QUEBRADA,Sódio,"3500-Na B, SMEWW 22nd Ed., 2012",2011,0,60,60,200,02/04/2019,12/04/2019,0
N?  2184107-A/2184107/UN-BBJ,UN-BBJ,Água Bruta,Semestral,Torneira de saída do poço,Poço Tubular,ITAIÇABA,319775,PT 05,UNBBJ-ITAIÇABA,UNBBJ - ITAIÇABA,Sódio,"3500-Na B, SMEWW 22nd Ed., 2012",2012,0,67,67,200,16/04/2019,25/04/2019,0
N?  2180253-A/2180253/UN-BBJ,UN-BBJ,Água Tratada Saída Sistema,Semestral,Torneira de saída,Poços Tubulares,CANOA QUEBRADA,327065,ETA 01,CANOA QUEBRADA,UNBBJ - CANOA QUEBRADA,Sódio,"3500-Na B, SMEWW 22nd Ed., 2012",2012,0,85,85,200,02/04/2019,12/04/2019,0
N?  2180255-A/2180255/UN-BBJ,UN-BBJ,Água Tratada Saída Sistema,Semestral,Torneira de saída,Poços Tubulares,CANOA QUEBRADA,327066,ETA 02,CANOA QUEBRADA,UNBBJ - CANOA QUEBRADA,Sódio,"3500-Na B, SMEWW 22nd Ed., 2012",2013,0,65,65,200,02/04/2019,12/04/2019,0
N?  2184116-A/2184116/UN-BBJ,UN-BBJ,Água Bruta,Semestral,Torneira de saída do poço,Poço Tubular,ITAIÇABA,319778,PT 06,UNBBJ-ITAIÇABA,UNBBJ - ITAIÇABA,Sódio,"3500-Na B, SMEWW 22nd Ed., 2012",2013,0,51,51,200,16/04/2019,25/04/2019,0
N?  2184126-A/2184126/UN-BBJ,UN-BBJ,Água Bruta,Semestral,Torneira de saída do poço,Poço Tubular,ITAIÇABA,319776,PT 07,UNBBJ-ITAIÇABA,UNBBJ - ITAIÇABA,Sódio,"3500-Na B, SMEWW 22nd Ed., 2012",2014,0,62,62,200,16/04/2019,25/04/2019,0
N?  2180257-A/2180257/UN-BBJ,UN-BBJ,Água Tratada Rede de Distribuição,Semestral,Torneira de entrada,Poços Tubulares,CANOA QUEBRADA,327067,"Rua Descida da Praia, nº 224",CANOA QUEBRADA,UNBBJ - CANOA QUEBRADA,Sódio,"3500-Na B, SMEWW 22nd Ed., 2012",2014,0,78,78,200,02/04/2019,12/04/2019,0
N?  2184130-A/2184130/UN-BBJ,UN-BBJ,Água Bruta,Semestral,Torneira de saída do poço,Poço Tubular,ITAIÇABA,319780,PT 08,UNBBJ-ITAIÇABA,UNBBJ - ITAIÇABA,Sódio,"3500-Na B, SMEWW 22nd Ed., 2012",2015,0,142,142,200,16/04/2019,25/04/2019,0
N?  2180316-A/2180316/UN-BBJ,UN-BBJ,Água Bruta,Semestral,Torneira de saída do poço,Poço Tubular,ARACATI,327068,PT - 03,UNBBJ-ARACATI,UNBBJ -  ARACATI,Sódio,"3500-Na B, SMEWW 22nd Ed., 2012",2015,0,12,12,200,09/04/2019,12/04/2019,0
N?  2184132-A/2184132/UN-BBJ,UN-BBJ,Água Bruta,Semestral,Torneira de saída do poço,Poço Tubular,ITAIÇABA,319777,PT 09,UNBBJ-ITAIÇABA,UNBBJ - ITAIÇABA,Sódio,"3500-Na B, SMEWW 22nd Ed., 2012",2016,0,81,81,200,16/04/2019,25/04/2019,0
N?  2180260-A/2180260/UN-BBJ,UN-BBJ,Água Bruta,Semestral,Torneira de saída do poço,Poço Tubular,ARACATI,208841,PT 09,UNBBJ-ARACATI,UN-BBJ - ARACATI,Sódio,"3500-Na B, SMEWW 22nd Ed., 2012",2016,0,22,22,200,09/04/2019,12/04/2019,0
N?  2180264-A/2180264/UN-BBJ,UN-BBJ,Água Bruta,Semestral,Torneira de saída do poço,Poço Tubular,ARACATI,208802,PT 10,UNBBJ-ARACATI,UN-BBJ - ARACATI,Sódio,"3500-Na B, SMEWW 22nd Ed., 2012",2017,0,31,31,200,09/04/2019,12/04/2019,0
N?  2184135-A/2184135/UN-BBJ,UN-BBJ,Água Bruta,Semestral,Torneira de saída do poço,Poço Tubular,ITAIÇABA,323953,PT 10,UNBBJ-ITAIÇABA,UNBBJ - ITAIÇABA,Sódio,"3500-Na B, SMEWW 22nd Ed., 2012",2017,0,70,70,200,16/04/2019,25/04/2019,0
N?  2184139-A/2184139/UN-BBJ,UN-BBJ,Água Tratada Rede de Distribuição,Semestral,Torneira de entrada,Poços Tubulares,ITAIÇABA,327264,"Rua 07 de Setembro, nº 824",UNBBJ-ITAIÇABA,UNBBJ - ITAIÇABA,Sódio,"3500-Na B, SMEWW 22nd Ed., 2012",2018,0,118,118,200,16/04/2019,25/04/2019,0
N?  2180266-A/2180266/UN-BBJ,UN-BBJ,Água Bruta,Semestral,Torneira de saída do poço,Poço Tubular,ARACATI,219546,PT 11,UNBBJ-ARACATI,UN-BBJ - ARACATI,Sódio,"3500-Na B, SMEWW 22nd Ed., 2012",2018,0,13,13,200,09/04/2019,12/04/2019,0
N?  2180268-A/2180268/UN-BBJ,UN-BBJ,Água Bruta,Semestral,Torneira de saída do poço,Poço Tubular,ARACATI,219547,PT 13,UNBBJ-ARACATI,UN-BBJ - ARACATI,Sódio,"3500-Na B, SMEWW 22nd Ed., 2012",2019,0,17,17,200,09/04/2019,12/04/2019,0
N?  2184142-A/2184142/UN-BBJ,UN-BBJ,Água Tratada Saída Sistema,Semestral,Torneira de saída,Poços Tubulares,TOMÉ AFONSO,275612,Estação de Tratamento de Água,UNBBJ-TOME AFONSO,UN-BBJ - TOMÉ AFONSO,Sódio,"3500-Na B, SMEWW 22nd Ed., 2012",2019,0,77,77,200,16/04/2019,25/04/2019,0
N?  2180270-A/2180270/UN-BBJ,UN-BBJ,Água Bruta,Semestral,Torneira de saída do poço,Poço Tubular,ARACATI,268023,PT 14,UNBBJ-ARACATI,UN-BBJ - ARACATI,Sódio,"3500-Na B, SMEWW 22nd Ed., 2012",2020,0,15,15,200,09/04/2019,12/04/2019,0
N?  2184144-A/2184144/UN-BBJ,UN-BBJ,Água Tratada Rede de Distribuição,Semestral,Torneira de entrada,Poços Tubulares,TOMÉ AFONSO,327265,"Sítio Tomé Afonso, nº 1597",UNBBJ-TOME AFONSO,UNBBJ -  TOMÉ AFONSO,Sódio,"3500-Na B, SMEWW 22nd Ed., 2012",2020,0,78,78,200,16/04/2019,25/04/2019,0
N?  2180272-A/2180272/UN-BBJ,UN-BBJ,Água Bruta,Semestral,Torneira de saída do poço,Poço Tubular,ARACATI,219548,PT 15,UNBBJ-ARACATI,UN-BBJ - ARACATI,Sódio,"3500-Na B, SMEWW 22nd Ed., 2012",2021,0,17,17,200,09/04/2019,12/04/2019,0
N?  2184146-A/2184146/UN-BBJ,UN-BBJ,Água Tratada Saída Sistema,Semestral,Torneira de saída,Poços Tubulares,FORTIM,269042,Estação de Tratamento de Água,FORTIM,UN-BBJ - FORTIM,Sódio,"3500-Na B, SMEWW 22nd Ed., 2012",2021,0,128,128,200,23/04/2019,25/04/2019,0
N?  2180274-A/2180274/UN-BBJ,UN-BBJ,Água Bruta,Semestral,Torneira de saída do poço,Poço Tubular,ARACATI,327069,PT - 16,UNBBJ-ARACATI,UNBBJ -  ARACATI,Sódio,"3500-Na B, SMEWW 22nd Ed., 2012",2022,0,17,17,200,09/04/2019,12/04/2019,0
N?  2184148-A/2184148/UN-BBJ,UN-BBJ,Água Bruta,Semestral,Torneira de saída do poço,Poço Amazonas,FORTIM,211442,PA 01,FORTIM,UNBBJ - FORTIM,Sódio,"3500-Na B, SMEWW 22nd Ed., 2012",2022,0,81,81,200,23/04/2019,25/04/2019,0
N?  2184152-A/2184152/UN-BBJ,UN-BBJ,Água Bruta,Semestral,Torneira de saída do poço,Poço Tubular,FORTIM,220921,PT 14,FORTIM,UN-BBJ - FORTIM,Sódio,"3500-Na B, SMEWW 22nd Ed., 2012",2023,0,206,206,200,23/04/2019,25/04/2019,1
N?  2180276-A/2180276/UN-BBJ,UN-BBJ,Água Bruta,Semestral,Torneira de saída do poço,Poço Tubular,ARACATI,219549,PT 17,UNBBJ-ARACATI,UN-BBJ - ARACATI,Sódio,"3500-Na B, SMEWW 22nd Ed., 2012",2023,0,6,6,200,09/04/2019,12/04/2019,0
N?  2184156-A/2184156/UN-BBJ,UN-BBJ,Água Tratada Rede de Distribuição,Semestral,Torneira de entrada,Poços Tubulares,FORTIM,327266,"Rua José Bandeira Gondim, nº 811",FORTIM,UNBBJ -  FORTIM,Sódio,"3500-Na B, SMEWW 22nd Ed., 2012",2024,0,122,122,200,23/04/2019,25/04/2019,0
N?  2180278-A/2180278/UN-BBJ,UN-BBJ,Água Bruta,Semestral,Torneira de saída do poço,Poço Tubular,ARACATI,219550,PT 18,UNBBJ-ARACATI,UN-BBJ - ARACATI,Sódio,"3500-Na B, SMEWW 22nd Ed., 2012",2024,0,14,14,200,09/04/2019,12/04/2019,0
N?  2184159-A/2184159/UN-BBJ,UN-BBJ,Água Tratada Saída Sistema,Semestral,Torneira de saída,Poços Tubulares,CAMPESTRE,255103,Estação de Tratamento de Água,CAMPESTRE,UN- BBJ - CAMPESTRE,Sódio,"3500-Na B, SMEWW 22nd Ed., 2012",2025,0,116,116,200,23/04/2019,25/04/2019,0
N?  2180280-A/2180280/UN-BBJ,UN-BBJ,Água Bruta,Semestral,Torneira de saída do poço,Poço Tubular,ARACATI,219551,PT 19,UNBBJ-ARACATI,UN-BBJ - ARACATI,Sódio,"3500-Na B, SMEWW 22nd Ed., 2012",2025,0,14,14,200,09/04/2019,12/04/2019,0
N?  2180282-A/2180282/UN-BBJ,UN-BBJ,Água Bruta,Semestral,Torneira de saída do poço,Poço Tubular,ARACATI,305624,PT 21,UNBBJ-ARACATI,UN-BBJ - ARACATI,Sódio,"3500-Na B, SMEWW 22nd Ed., 2012",2026,0,6,6,200,09/04/2019,12/04/2019,0
N?  2184164-A/2184164/UN-BBJ,UN-BBJ,Água Bruta,Semestral,Torneira de saída do poço,Poços Tubulares,CAMPESTRE,255064,PT 04,CAMPESTRE,UN- BBJ - CAMPESTRE,Sódio,"3500-Na B, SMEWW 22nd Ed., 2012",2026,0,71,71,200,23/04/2019,25/04/2019,0
N?  2184173-A/2184173/UN-BBJ,UN-BBJ,Água Bruta,Semestral,Torneira de saída do poço,Poços Tubulares,CAMPESTRE,316523,PT - 05,CAMPESTRE,UN-BBJ - CAMPESTRE,Sódio,"3500-Na B, SMEWW 22nd Ed., 2012",2027,0,51,51,200,23/04/2019,25/04/2019,0
N?  2180284-A/2180284/UN-BBJ,UN-BBJ,Água Bruta,Semestral,Torneira de saída do poço,Poço Tubular,ARACATI,315844,PT - 22,UNBBJ-ARACATI,UN-BBJ - ARACATI,Sódio,"3500-Na B, SMEWW 22nd Ed., 2012",2027,0,9,9,200,09/04/2019,12/04/2019,0
N?  2180286-A/2180286/UN-BBJ,UN-BBJ,Água Bruta,Semestral,Torneira de saída do poço,Poço Tubular,ARACATI,319704,PT - 23,UNBBJ-ARACATI,UNBBJ - ARACATI,Sódio,"3500-Na B, SMEWW 22nd Ed., 2012",2028,0,19,19,200,09/04/2019,12/04/2019,0
N?  2184181-A/2184181/UN-BBJ,UN-BBJ,Água Bruta,Semestral,Torneira de saída do poço,Poços Tubulares,CAMPESTRE,255065,PT 06,CAMPESTRE,UN- BBJ - CAMPESTRE,Sódio,"3500-Na B, SMEWW 22nd Ed., 2012",2028,0,63,63,200,23/04/2019,25/04/2019,0
N?  2180288-A/2180288/UN-BBJ,UN-BBJ,Água Bruta,Semestral,Torneira de saída do poço,Poço Tubular,ARACATI,319702,PT 24,UNBBJ-ARACATI,UNBBJ - ARACATI,Sódio,"3500-Na B, SMEWW 22nd Ed., 2012",2029,0,13,13,200,09/04/2019,12/04/2019,0
N?  2184185-A/2184185/UN-BBJ,UN-BBJ,Água Bruta,Semestral,Torneira de saída do poço,Poços Tubulares,CAMPESTRE,316522,PT - 07,CAMPESTRE,UN-BBJ - CAMPESTRE,Sódio,"3500-Na B, SMEWW 22nd Ed., 2012",2029,0,80,80,200,23/04/2019,25/04/2019,0
N?  2184188-A/2184188/UN-BBJ,UN-BBJ,Água Bruta,Semestral,Torneira de saída do poço,Poços Tubulares,CAMPESTRE,255067,PT 11,CAMPESTRE,UN- BBJ - CAMPESTRE,Sódio,"3500-Na B, SMEWW 22nd Ed., 2012",2030,0,212,212,200,23/04/2019,25/04/2019,1
N?  2180290-A/2180290/UN-BBJ,UN-BBJ,Água Bruta,Semestral,Torneira de saída do poço,Poço Tubular,ARACATI,319703,PT 25,UNBBJ-ARACATI,UNBBJ - ARACATI,Sódio,"3500-Na B, SMEWW 22nd Ed., 2012",2030,0,15,15,200,09/04/2019,12/04/2019,0
N?  2184197-A/2184197/UN-BBJ,UN-BBJ,Água Bruta,Semestral,Torneira de saída do poço,Poços Tubulares,CAMPESTRE,255083,PT 12,CAMPESTRE,UN- BBJ - CAMPESTRE,Sódio,"3500-Na B, SMEWW 22nd Ed., 2012",2031,0,245,245,200,23/04/2019,25/04/2019,1
N?  2180292-A/2180292/UN-BBJ,UN-BBJ,Água Bruta,Semestral,Torneira de saída do poço,Poço Tubular,ARACATI,327071,PT - 26,UNBBJ-ARACATI,UNBBJ -  ARACATI,Sódio,"3500-Na B, SMEWW 22nd Ed., 2012",2031,0,20,20,200,09/04/2019,12/04/2019,0
N?  2184200-A/2184200/UN-BBJ,UN-BBJ,Água Bruta,Semestral,Torneira de saída do poço,Poços Tubulares,CAMPESTRE,255084,PT 13,CAMPESTRE,UN- BBJ - CAMPESTRE,Sódio,"3500-Na B, SMEWW 22nd Ed., 2012",2032,0,216,216,200,23/04/2019,25/04/2019,1
N?  2180294-A/2180294/UN-BBJ,UN-BBJ,Água Bruta,Semestral,Torneira de saída do poço,Poço Tubular,ARACATI,327072,PT - 27,UNBBJ-ARACATI,UNBBJ -  ARACATI,Sódio,"3500-Na B, SMEWW 22nd Ed., 2012",2032,0,7,7,200,09/04/2019,12/04/2019,0
N?  2180296-A/2180296/UN-BBJ,UN-BBJ,Água Bruta,Semestral,Torneira de saída do poço,Poço Tubular,ARACATI,327073,PT - 28,UNBBJ-ARACATI,UNBBJ -  ARACATI,Sódio,"3500-Na B, SMEWW 22nd Ed., 2012",2033,0,7,7,200,09/04/2019,12/04/2019,0
N?  2184206-A/2184206/UN-BBJ,UN-BBJ,Água Bruta,Semestral,Torneira de saída do poço,Poços Tubulares,CAMPESTRE,255086,PT 17,CAMPESTRE,UN- BBJ - CAMPESTRE,Sódio,"3500-Na B, SMEWW 22nd Ed., 2012",2033,0,51,51,200,23/04/2019,25/04/2019,0
N?  2184211-A/2184211/UN-BBJ,UN-BBJ,Água Bruta,Semestral,Torneira de saída do poço,Poços Tubulares,CAMPESTRE,255102,PT 21,CAMPESTRE,UN- BBJ - CAMPESTRE,Sódio,"3500-Na B, SMEWW 22nd Ed., 2012",2034,0,196,196,200,23/04/2019,25/04/2019,0
N?  2180298-A/2180298/UN-BBJ,UN-BBJ,Água Bruta,Semestral,Torneira de saída do poço,Poço Tubular,ARACATI,327074,PT - 29,UNBBJ-ARACATI,UNBBJ -  ARACATI,Sódio,"3500-Na B, SMEWW 22nd Ed., 2012",2034,0,22,22,200,09/04/2019,12/04/2019,0
N?  2180300-A/2180300/UN-BBJ,UN-BBJ,Água Bruta Classe 2,Semestral,Captação,Canal do Trabalhador,ARACATI,195301,Canal do Trabalhador,UNBBJ-ARACATI,UN-BBJ - ARACATI,Sódio,"3500-Na B, SMEWW 22nd Ed., 2012",2035,0,28,28,1000000,09/04/2019,12/04/2019,0
N?  2184284-A/2184284/UN-BBJ,UN-BBJ,Água Bruta,Semestral,Torneira de saída do poço,Poços Tubulares,CAMPESTRE,269143,PT 22,CAMPESTRE,UN-BBJ - CAMPESTRE,Sódio,"3500-Na B, SMEWW 22nd Ed., 2012",2035,0,136,136,200,23/04/2019,25/04/2019,0
N?  2184222-A/2184222/UN-BBJ,UN-BBJ,Água Bruta,Semestral,Torneira de saída do poço,Poços Tubulares,CAMPESTRE,316524,PT - 23,CAMPESTRE,UN-BBJ - CAMPESTRE,Sódio,"3500-Na B, SMEWW 22nd Ed., 2012",2036,0,20,20,200,23/04/2019,25/04/2019,0
N?  2180304-A/2180304/UN-BBJ,UN-BBJ,Água Tratada Saída Sistema,Semestral,Torneira de saída,Poços Tubulares,ARACATI,228409,ETA 01,UNBBJ-ARACATI,UN-BBJ - ARACATI,Sódio,"3500-Na B, SMEWW 22nd Ed., 2012",2036,0,19,19,200,09/04/2019,12/04/2019,0
N?  2180306-A/2180306/UN-BBJ,UN-BBJ,Água Tratada Rede de Distribuição,Semestral,Torneira de entrada,Poços Tubulares,ARACATI,327075,"Rua Alexandre Lima, nº 1132",UNBBJ-ARACATI,UNBBJ -  ARACATI,Sódio,"3500-Na B, SMEWW 22nd Ed., 2012",2037,0,19,19,200,09/04/2019,12/04/2019,0
N?  2184224-A/2184224/UN-BBJ,UN-BBJ,Água Bruta,Semestral,Torneira de saída do poço,Poços Tubulares,CAMPESTRE,316775,PT 24,CAMPESTRE,UN-BBJ - CAMPESTRE,Sódio,"3500-Na B, SMEWW 22nd Ed., 2012",2037,0,3,3,200,23/04/2019,25/04/2019,0
N?  2184226-A/2184226/UN-BBJ,UN-BBJ,Água Bruta,Semestral,Torneira de saída do poço,Poços Tubulares,CAMPESTRE,316776,PT - 25,CAMPESTRE,UN-BBJ - CAMPESTRE,Sódio,"3500-Na B, SMEWW 22nd Ed., 2012",2038,0,78,78,200,23/04/2019,25/04/2019,0
N?  2184232-A/2184232/UN-BBJ,UN-BBJ,Água Tratada Rede de Distribuição,Semestral,Torneira de entrada,Poços Tubulares,CAMPESTRE,327267,"Sítio Campestre 01, 19 - Centro",CAMPESTRE,UNBBJ - CAMPESTRE,Sódio,"3500-Na B, SMEWW 22nd Ed., 2012",2039,0,124,124,200,23/04/2019,25/04/2019,0
N?  2184235-A/2184235/UN-BBJ,UN-BBJ,Água Bruta Classe 2,Semestral,Captação,Açude Santo Antônio,BONHU,228412,Açude Santo Antônio,UNBBJ-BONHU,UN-BBJ - BONHU,Sódio,"3500-Na B, SMEWW 22nd Ed., 2012",2040,0,21,21,1000000,24/04/2019,25/04/2019,0
N?  2149864-A/2149864/UN-BBJ,UN-BBJ,Água Tratada Rede de Distribuição,Trihalometanos (THM),Torneira de entrada,Canal do Trabalhador,ARACATI,325764,Praça 2 de Novembro,UNBBJ-ARACATI,UNBBJ - ARACATI,Trihalometanos Totais,"6010 B e 6232 B, SMEWW 22nd Ed., 2012; 551.1, USEPA, 1995",5000,0,"0,1","0,1","0,1",11/01/2019,16/01/2019,0
N?  2149866-A/2149866/UN-BBJ,UN-BBJ,Água Tratada Rede de Distribuição,Trihalometanos (THM),Torneira de entrada,Poços,BOCA DO FORNO,325765,"Boca do Forno, s/n",BOCA FORNO,UNBBJ - BOCA DO FORNO,Trihalometanos Totais,"6010 B e 6232 B, SMEWW 22nd Ed., 2012; 551.1, USEPA, 1995",5001,0,"0,2","0,2","0,1",11/01/2019,16/01/2019,1
N?  2153849-A/2153849/UN-BBJ,UN-BBJ,Água Tratada Rede de Distribuição,Trihalometanos (THM),Torneira de entrada,Açude Santo Antônio de Russas,BONHU,326014,"Vilha Guilherme, nº 35",UNBBJ-BONHU,UNBBJ - BONHU,Trihalometanos Totais,"6010 B e 6232 B, SMEWW 22nd Ed., 2012; 551.1, USEPA, 1995",5003,0,"0,6","0,6","0,1",18/01/2019,24/01/2019,1
N?  2149868-A/2149868/UN-BBJ,UN-BBJ,Água Tratada Rede de Distribuição,Trihalometanos (THM),Torneira de entrada,Poços,CAMPESTRE,325766,"Vila Campestre - Quadra 205, nº 17",CAMPESTRE,UNBBJ - CAMPESTRE,Trihalometanos Totais,"6010 B e 6232 B, SMEWW 22nd Ed., 2012; 551.1, USEPA, 1995",5004,0,"0,1","0,1","0,1",11/01/2019,16/01/2019,0
N?  2149870-A/2149870/UN-BBJ,UN-BBJ,Água Tratada Rede de Distribuição,Trihalometanos (THM),Torneira de entrada,Poços,FORTIM,325767,"Rua João Jahil, nº 282",FORTIM,UNBBJ - FORTIM,Trihalometanos Totais,"6010 B e 6232 B, SMEWW 22nd Ed., 2012; 551.1, USEPA, 1995",5005,0,"0,1","0,1","0,1",11/01/2019,16/01/2019,0
N?  2149872-A/2149872/UN-BBJ,UN-BBJ,Água Tratada Rede de Distribuição,Trihalometanos (THM),Torneira de entrada,Poços,ITAIÇABA,325768,"Rua Joaquim Romão, nº 800",UNBBJ-ITAIÇABA,UNBBJ - ITAIÇABA,Trihalometanos Totais,"6010 B e 6232 B, SMEWW 22nd Ed., 2012; 551.1, USEPA, 1995",5006,0,"0,1","0,1","0,1",11/01/2019,16/01/2019,0
N?  2149874-A/2149874/UN-BBJ,UN-BBJ,Água Tratada Rede de Distribuição,Trihalometanos (THM),Torneira de entrada,Rio Jaguaribe,JAGUARUANA,325769,"Rua 5, nº 122, Coabe",UNBBJ-JAGUARUANA,UNBBJ - JAGUARUANA,Trihalometanos Totais,"6010 B e 6232 B, SMEWW 22nd Ed., 2012; 551.1, USEPA, 1995",5007,0,0,ND,"0,1",11/01/2019,16/01/2019,0
N?  2153853-A/2153853/UN-BBJ,UN-BBJ,Água Tratada Saída Sistema,Trihalometanos (THM),Torneira de saída,Açude Boi Morto,PALHANO,323892,Estação de Tratamento de Água,UNBBJ-PALHANO,UNBBJ - PALHANO,Trihalometanos Totais,"6010 B e 6232 B, SMEWW 22nd Ed., 2012; 551.1, USEPA, 1995",5008,0,0,ND,"0,1",18/01/2019,24/01/2019,0
N?  2153858-A/2153858/UN-BBJ,UN-BBJ,Água Tratada Rede de Distribuição,Trihalometanos (THM),Torneira de entrada,Açude Boi Morto,PALHANO,326010,"Rua Amaral Barbosa, s/n",UNBBJ-PALHANO,UNBBJ - PALHANO,Trihalometanos Totais,"6010 B e 6232 B, SMEWW 22nd Ed., 2012; 551.1, USEPA, 1995",5009,0,"0,1","0,1","0,1",18/01/2019,24/01/2019,0
N?  2155972-A/2155972/UN-BBJ,UN-BBJ,Água Tratada Saída Sistema,Trihalometanos (THM),Torneira de saída,Açude Figueiredo,POTIRETAMA,253362,Estação de Tratamento de Água,UNBBJ-POTIRETAMA,UNBBJ - POTIRETAMA,Trihalometanos Totais,"6010 B e 6232 B, SMEWW 22nd Ed., 2012; 551.1, USEPA, 1995",5010,0,"0,1","0,1","0,1",30/01/2019,31/01/2019,0
N?  2153861-A/2153861/UN-BBJ,UN-BBJ,Água Tratada Rede de Distribuição,Trihalometanos (THM),Torneira de entrada,Poços,TOMÉ AFONSO,326011,"Rua Tomé Afonso, nº 09",UNBBJ-TOME AFONSO,UNBBJ -  TOMÉ AFONSO,Trihalometanos Totais,"6010 B e 6232 B, SMEWW 22nd Ed., 2012; 551.1, USEPA, 1995",5012,0,"0,1","0,1","0,1",18/01/2019,24/01/2019,0
N?  2165816-A/2165816/UN-BBJ,UN-BBJ,Água Tratada Rede de Distribuição,Trihalometanos (THM),Torneira de entrada,Poços Tubulares,JARDIM DE SAO JOSE,326503,"Rua Francisco Raimundo de Freitas, nº 288",UNBBJ-JARDIM SÃO JOSE,UNBBJ - JARDIM SÃO JOSÉ,Trihalometanos Totais,"6010 B e 6232 B, SMEWW 22nd Ed., 2012; 551.1, USEPA, 1995",5133,0,0,ND,"0,1",22/02/2019,28/02/2019,0
N?  2165819-A/2165819/UN-BBJ,UN-BBJ,Água Tratada Saída Sistema,Trihalometanos (THM),Saída do tratamento,Rio Jaguaribe,NOVA JAGUARIBARA,265362,Estação de Tratamento de Água,NOVA JAGUARIBARA,UN-BBJ - NOVA JAGUARIBARA,Trihalometanos Totais,"6010 B e 6232 B, SMEWW 22nd Ed., 2012; 551.1, USEPA, 1995",5134,0,"0,1","0,1","0,1",22/02/2019,28/02/2019,0
N?  2165821-A/2165821/UN-BBJ,UN-BBJ,Água Tratada Rede de Distribuição,Trihalometanos (THM),Torneira de entrada,Rio Jaguaribe,NOVA JAGUARIBARA,322193,"Rua Major Diógenes, nº 417",NOVA JAGUARIBARA,UNBBJ - NOVA JAGUARIBARA,Trihalometanos Totais,"6010 B e 6232 B, SMEWW 22nd Ed., 2012; 551.1, USEPA, 1995",5135,0,"0,1","0,1","0,1",22/02/2019,28/02/2019,0
N?  2165849-A/2165849/UN-BBJ,UN-BBJ,Água Tratada Rede de Distribuição,Trihalometanos (THM),Torneira de entrada,Poços,QUIXERE,326504,"Rua Manoel Gonçalves, nº 23",UNBBJ-QUIXERÉ,UNBBJ - QUIXERÉ,Trihalometanos Totais,"6010 B e 6232 B, SMEWW 22nd Ed., 2012; 551.1, USEPA, 1995",5137,0,"0,2","0,2","0,1",22/02/2019,28/02/2019,1
N?  2165824-A/2165824/UN-BBJ,UN-BBJ,Água Tratada Saída Sistema,Trihalometanos (THM),Saída do tratamento,Rio Jaguaribe,TABULEIRO DO NORTE,300203,Estação de Tratamento de Água,UNBBJ-TABULEIRO DO NORTE,UN-BBJ - TABULEIRO DO NORTE,Trihalometanos Totais,"6010 B e 6232 B, SMEWW 22nd Ed., 2012; 551.1, USEPA, 1995",5138,0,"0,1","0,1","0,1",22/02/2019,28/02/2019,0
N?  2165827-A/2165827/UN-BBJ,UN-BBJ,Água Tratada Rede de Distribuição,Trihalometanos (THM),Torneira de entrada,Rio Jaguaribe,TABULEIRO DO NORTE,326506,"José Gondim, nº 519",UNBBJ-TABULEIRO DO NORTE,UNBBJ - TABULEIRO DO NORTE,Trihalometanos Totais,"6010 B e 6232 B, SMEWW 22nd Ed., 2012; 551.1, USEPA, 1995",5139,0,"0,1","0,1","0,1",22/02/2019,28/02/2019,0
N?  2156928-A/2156928/UN-BBJ,UN-BBJ,Água Tratada Saída Sistema,Trihalometanos (THM),Captação,Açude Santo Antônio de Russas,BONHU,322191,Estação de Tratamento de Água,UNBBJ-BONHU,UNBBJ - BONHU,Trihalometanos Totais,"6010 B e 6232 B, SMEWW 22nd Ed., 2012; 551.1, USEPA, 1995",5208,0,"0,5","0,5","0,1",30/01/2019,07/02/2019,1
N?  2161963-A/2161963/UN-BBJ,UN-BBJ,Água Tratada Rede de Distribuição,Trihalometanos (THM),Torneira de entrada,Açude Figueiredo,POTIRETAMA,326372,"Av. Padre Negreiros, nº 185-19",UNBBJ-POTIRETAMA,UNBBJ - POTIRETAMA,Trihalometanos Totais,"6010 B e 6232 B, SMEWW 22nd Ed., 2012; 551.1, USEPA, 1995",5238,0,"0,2","0,2","0,1",15/02/2019,19/02/2019,1
N?  2160826-A/2160826/UN-BBJ,UN-BBJ,Água Tratada Saída Sistema,Trihalometanos (THM),Saída do tratamento,Rio Jaguaribe,RUSSAS,212802,Estação de Tratamento de Água,UNBBJ-RUSSAS,UN-BBJ - RUSSAS,Trihalometanos Totais,"6010 B e 6232 B, SMEWW 22nd Ed., 2012; 551.1, USEPA, 1995",5244,0,"0,1","0,1","0,1",07/02/2019,13/02/2019,0
N?  2160828-A/2160828/UN-BBJ,UN-BBJ,Água Tratada Rede de Distribuição,Trihalometanos (THM),Torneira de entrada,Rio Jaguaribe,RUSSAS,320975,"Av. Governador Raul Barbosa, nº 1431",UNBBJ-RUSSAS,UNBBJ - RUSSAS,Trihalometanos Totais,"6010 B e 6232 B, SMEWW 22nd Ed., 2012; 551.1, USEPA, 1995",5245,0,"0,1","0,1","0,1",07/02/2019,13/02/2019,0
N?  2167770-A/2167770/UN-BBJ,UN-BBJ,Água Tratada Saída Sistema,Trihalometanos (THM),Torneira de saída,Açude Riacho da Serra,ALTO SANTO,266469,Estação de Tratamento de Água,UNBBJ-ALTO SANTO,UN-BBJ - ALTO SANTO,Trihalometanos Totais,"6010 B e 6232 B, SMEWW 22nd Ed., 2012; 551.1, USEPA, 1995",5291,0,"0,2","0,2","0,1",01/03/2019,08/03/2019,1
N?  2170978-A/2170978/UN-BBJ,UN-BBJ,Água Tratada Rede de Distribuição,Trihalometanos (THM),Torneira de entrada,Açude Riacho da Serra,ALTO SANTO,326692,"Edson Bessa, nº 765",UNBBJ-ALTO SANTO,UNBBJ - ALTO SANTO,Trihalometanos Totais,"6010 B e 6232 B, SMEWW 22nd Ed., 2012; 551.1, USEPA, 1995",5292,0,"0,2","0,2","0,1",11/03/2019,13/03/2019,1
N?  2167765-A/2167765/UN-BBJ,UN-BBJ,Água Tratada Rede de Distribuição,Trihalometanos (THM),Torneira de entrada,Poço Tubular,CRIOULOS,326563,"Rua Luciano Gonçalves de Lima, nº 04",UNBBJ-CRIOULOS,UNBBJ - CRIOULOS,Trihalometanos Totais,"6010 B e 6232 B, SMEWW 22nd Ed., 2012; 551.1, USEPA, 1995",5293,0,0,ND,"0,1",01/03/2019,08/03/2019,0
N?  2172304-A/2172304/UN-BBJ,UN-BBJ,Água Tratada Saída Sistema,Trihalometanos (THM),Torneira de saída,Açude Ema,EMA,248802,Estação de Tratamento de Água,UNBBJ-EMA,UN-BBJ - EMA,Trihalometanos Totais,"6010 B e 6232 B, SMEWW 22nd Ed., 2012; 551.1, USEPA, 1995",5294,0,"0,5","0,5","0,1",18/03/2019,21/03/2019,1
N?  2172309-A/2172309/UN-BBJ,UN-BBJ,Água Tratada Rede de Distribuição,Trihalometanos (THM),Torneira de entrada,Açude Ema,EMA,326763,"Francisca Pereira Sampaio, s/n",UNBBJ-EMA,UNBBJ - EMA,Trihalometanos Totais,"6010 B e 6232 B, SMEWW 22nd Ed., 2012; 551.1, USEPA, 1995",5295,0,"0,5","0,5","0,1",18/03/2019,21/03/2019,1
N?  2167772-A/2167772/UN-BBJ,UN-BBJ,Água Tratada Saída Sistema,Trihalometanos (THM),Torneira de saída,Açude Canafístula,IRACEMA,323072,Estação de Tratamento de Água,UNBBJ-IRACEMA,UNBBJ - IRACEMA,Trihalometanos Totais,"6010 B e 6232 B, SMEWW 22nd Ed., 2012; 551.1, USEPA, 1995",5296,0,"0,2","0,2","0,1",01/03/2019,08/03/2019,1
N?  2167774-A/2167774/UN-BBJ,UN-BBJ,Água Tratada Rede de Distribuição,Trihalometanos (THM),Torneira de entrada,Açude Canafístula,IRACEMA,326564,"José Maria Bessa, nº 520",UNBBJ-IRACEMA,UNBBJ - IRACEMA,Trihalometanos Totais,"6010 B e 6232 B, SMEWW 22nd Ed., 2012; 551.1, USEPA, 1995",5297,0,"0,2","0,2","0,1",01/03/2019,08/03/2019,1
N?  2167776-A/2167776/UN-BBJ,UN-BBJ,Água Tratada Rede de Distribuição,Trihalometanos (THM),Torneira de entrada,Açude Adauto Bezerra,PEREIRO,326565,"Rua 4 Canto, nº 152",UNBBJ-PEREIRO,UNBBJ - PEREIRO,Trihalometanos Totais,"6010 B e 6232 B, SMEWW 22nd Ed., 2012; 551.1, USEPA, 1995",5299,0,"0,1","0,1","0,1",01/03/2019,08/03/2019,0
N?  2170981-A/2170981/UN-BBJ,UN-BBJ,Água Tratada Saída Sistema,Trihalometanos (THM),Torneira de saída,"Rio Jaguaribe, Poços",RUSSAS,212802,Estação de Tratamento de Água,UNBBJ-RUSSAS,UN-BBJ - RUSSAS,Trihalometanos Totais,"6010 B e 6232 B, SMEWW 22nd Ed., 2012; 551.1, USEPA, 1995",5300,0,"0,3","0,3","0,1",07/03/2019,13/03/2019,1
N?  2170984-A/2170984/UN-BBJ,UN-BBJ,Água Tratada Rede de Distribuição,Trihalometanos (THM),Torneira de entrada,"Rio Jaguaribe, Poços",RUSSAS,326693,"Rua Ocion Lopes, nº 174",UNBBJ-RUSSAS,UNBBJ - RUSSAS,Trihalometanos Totais,"6010 B e 6232 B, SMEWW 22nd Ed., 2012; 551.1, USEPA, 1995",5301,0,"0,3","0,3","0,1",07/03/2019,13/03/2019,1
N?  2170995-A/2170995/UN-BBJ,UN-BBJ,Água Tratada Saída Sistema,Trihalometanos (THM),Torneira de saída,Canal do Trabalhador,SERRA DO FELIX,266885,Estação de Tratamento de Água,UNBBJ-SERRA DO FELIX,UN-BBJ - SERRA DO FÉLIX,Trihalometanos Totais,"6010 B e 6232 B, SMEWW 22nd Ed., 2012; 551.1, USEPA, 1995",5302,0,"0,2","0,2","0,1",08/03/2019,13/03/2019,1
N?  2178084-A/2178084/UN-BBJ,UN-BBJ,Água Tratada Saída Sistema,Trihalometanos (THM),Torneira de saída,Rio Jaguaribe,JAGUARUANA,321458,Estação de Tratamento de Água,UNBBJ-JAGUARUANA,UNBBJ - JAGUARUANA,Trihalometanos Totais,"6010 B e 6232 B, SMEWW 22nd Ed., 2012; 551.1, USEPA, 1995",5402,0,"0,3","0,3","0,1",29/03/2019,03/04/2019,1
N?  2178087-A/2178087/UN-BBJ,UN-BBJ,Água Tratada Rede de Distribuição,Trihalometanos (THM),Torneira de entrada,Rio Jaguaribe,JAGUARUANA,327000,"Francisco Moreira Torres, nº 536",UNBBJ-JAGUARUANA,UNBBJ - JAGUARUANA,Trihalometanos Totais,"6010 B e 6232 B, SMEWW 22nd Ed., 2012; 551.1, USEPA, 1995",5403,0,"0,3","0,3","0,1",29/03/2019,03/04/2019,1
N?  2180952-A/2180952/UN-BBJ,UN-BBJ,Água Tratada Rede de Distribuição,Trihalometanos (THM),Torneira de entrada,Canal do Trabalhador,ARACATI,327128,Praça dos Carnaúbas - Vila Rafael,UNBBJ-ARACATI,UNBBJ -  ARACATI,Trihalometanos Totais,"6010 B e 6232 B, SMEWW 22nd Ed., 2012; 551.1, USEPA, 1995",5420,0,"0,1","0,1","0,1",12/04/2019,16/04/2019,0
N?  2185364-A/2185364/UN-BBJ,UN-BBJ,Água Tratada Rede de Distribuição,Trihalometanos (THM),Torneira de entrada,Poços,BOCA DO FORNO,327330,"Rua João Mariano Barbosa, nº 417",BOCA FORNO,UNBBJ -  BOCA DO FORNO,Trihalometanos Totais,"6010 B e 6232 B, SMEWW 22nd Ed., 2012; 551.1, USEPA, 1995",5421,0,"0,1","0,1","0,1",26/04/2019,30/04/2019,0
N?  2180955-A/2180955/UN-BBJ,UN-BBJ,Água Tratada Rede de Distribuição,Trihalometanos (THM),Torneira de entrada,Poços,FORTIM,327129,"Rua Maria Luiza, nº 238",FORTIM,UNBBJ -  FORTIM,Trihalometanos Totais,"6010 B e 6232 B, SMEWW 22nd Ed., 2012; 551.1, USEPA, 1995",5425,0,"0,1","0,1","0,1",12/04/2019,16/04/2019,0
N?  2180957-A/2180957/UN-BBJ,UN-BBJ,Água Tratada Rede de Distribuição,Trihalometanos (THM),Torneira de entrada,Poços,ITAIÇABA,325768,"Rua Joaquim Romão, nº 800",UNBBJ-ITAIÇABA,UNBBJ - ITAIÇABA,Trihalometanos Totais,"6010 B e 6232 B, SMEWW 22nd Ed., 2012; 551.1, USEPA, 1995",5427,0,"0,1","0,1","0,1",12/04/2019,16/04/2019,0
N?  2180959-A/2180959/UN-BBJ,UN-BBJ,Água Tratada Saída Sistema,Trihalometanos (THM),Torneira de saída,Rio Jaguaribe,JAGUARUANA,321458,Estação de Tratamento de Água,UNBBJ-JAGUARUANA,UNBBJ - JAGUARUANA,Trihalometanos Totais,"6010 B e 6232 B, SMEWW 22nd Ed., 2012; 551.1, USEPA, 1995",5428,0,"0,3","0,3","0,1",12/04/2019,16/04/2019,1
N?  2178846-A/2178846/UN-BBJ,UN-BBJ,Água Tratada Saída Sistema,Trihalometanos (THM),Torneira de saída,Açude Boi Morto,PALHANO,323892,Estação de Tratamento de Água,UNBBJ-PALHANO,UNBBJ - PALHANO,Trihalometanos Totais,"6010 B e 6232 B, SMEWW 22nd Ed., 2012; 551.1, USEPA, 1995",5430,0,"0,2","0,2","0,1",05/04/2019,09/04/2019,1
N?  2178851-A/2178851/UN-BBJ,UN-BBJ,Água Tratada Rede de Distribuição,Trihalometanos (THM),Torneira de entrada,Açude Boi Morto,PALHANO,327024,"Rua São Vicente, s/n",UNBBJ-PALHANO,UNBBJ - PALHANO,Trihalometanos Totais,"6010 B e 6232 B, SMEWW 22nd Ed., 2012; 551.1, USEPA, 1995",5431,0,"0,2","0,2","0,1",05/04/2019,09/04/2019,1
N?  2178857-A/2178857/UN-BBJ,UN-BBJ,Água Tratada Saída Sistema,Trihalometanos (THM),Torneira de saída,Açude Figueiredo,POTIRETAMA,253362,Estação de Tratamento de Água,UNBBJ-POTIRETAMA,UNBBJ - POTIRETAMA,Trihalometanos Totais,"6010 B e 6232 B, SMEWW 22nd Ed., 2012; 551.1, USEPA, 1995",5432,0,"0,2","0,2","0,1",05/04/2019,09/04/2019,1
N?  2178860-A/2178860/UN-BBJ,UN-BBJ,Água Tratada Rede de Distribuição,Trihalometanos (THM),Torneira de entrada,Açude Figueiredo,POTIRETAMA,327025,"Rua Sebastião Feitosa, nº 1737",UNBBJ-POTIRETAMA,UNBBJ - POTIRETAMA,Trihalometanos Totais,"6010 B e 6232 B, SMEWW 22nd Ed., 2012; 551.1, USEPA, 1995",5433,0,"0,2","0,2","0,1",05/04/2019,09/04/2019,1
N?  2178862-A/2178862/UN-BBJ,UN-BBJ,Água Tratada Rede de Distribuição,Trihalometanos (THM),Torneira de entrada,Poços,TOMÉ AFONSO,327026,"Rua Tomé Afonso, nº 277",UNBBJ-TOME AFONSO,UNBBJ - TOMÉ AFONSO,Trihalometanos Totais,"6010 B e 6232 B, SMEWW 22nd Ed., 2012; 551.1, USEPA, 1995",5435,0,"0,1","0,1","0,1",05/04/2019,09/04/2019,0
N?  2179151-A/2179151/UN-BBJ,UN-BBJ,Água Tratada Rede de Distribuição,Trihalometanos (THM),Torneira de entrada,Poço,TABULEIRO,327042,"Rua Pique, 495",TABULEIRO DO CABREIRO,UNBBJ - TABULEIRO DO CABREIRO,Trihalometanos Totais,"6010 B e 6232 B, SMEWW 22nd Ed., 2012; 551.1, USEPA, 1995",5515,0,"0,1","0,1","0,1",04/04/2019,09/04/2019,0
